"filename", "language", "JSON with Comments", "TypeScript", "Shell Script", "JSON", "JavaScript", "Markdown", "HTML", "comment", "blank", "total"
"d:\Works\source\phaser-repositories\njs-game-unit-module\.cursor\rules\any-type-prohibition.mdc", "Markdown", 0, 0, 0, 0, 0, 72, 0, 0, 10, 82
"d:\Works\source\phaser-repositories\njs-game-unit-module\.cursor\rules\constants-organization.mdc", "Markdown", 0, 0, 0, 0, 0, 132, 0, 0, 20, 152
"d:\Works\source\phaser-repositories\njs-game-unit-module\.cursor\rules\enum-organization.mdc", "Markdown", 0, 0, 0, 0, 0, 161, 0, 0, 26, 187
"d:\Works\source\phaser-repositories\njs-game-unit-module\.cursor\rules\interface-dependency-inversion.mdc", "Markdown", 0, 0, 0, 0, 0, 105, 0, 0, 17, 122
"d:\Works\source\phaser-repositories\njs-game-unit-module\.cursor\rules\interface-inheritance.mdc", "Markdown", 0, 0, 0, 0, 0, 221, 0, 0, 47, 268
"d:\Works\source\phaser-repositories\njs-game-unit-module\.cursor\rules\interface-organization.mdc", "Markdown", 0, 0, 0, 0, 0, 107, 0, 0, 13, 120
"d:\Works\source\phaser-repositories\njs-game-unit-module\.cursor\rules\logger-usage.mdc", "Markdown", 0, 0, 0, 0, 0, 39, 0, 0, 7, 46
"d:\Works\source\phaser-repositories\njs-game-unit-module\.cursor\rules\require-statement-prohibition.mdc", "Markdown", 0, 0, 0, 0, 0, 118, 0, 0, 17, 135
"d:\Works\source\phaser-repositories\njs-game-unit-module\.cursor\rules\semicolon-requirement.mdc", "Markdown", 0, 0, 0, 0, 0, 48, 0, 0, 9, 57
"d:\Works\source\phaser-repositories\njs-game-unit-module\.cursor\rules\type-safety.mdc", "Markdown", 0, 0, 0, 0, 0, 80, 0, 0, 12, 92
"d:\Works\source\phaser-repositories\njs-game-unit-module\.eslintrc.cjs", "JavaScript", 0, 0, 0, 0, 13, 0, 0, 0, 0, 13
"d:\Works\source\phaser-repositories\njs-game-unit-module\docs\CODING_RULES.md", "Markdown", 0, 0, 0, 0, 0, 1685, 0, 0, 280, 1965
"d:\Works\source\phaser-repositories\njs-game-unit-module\docs\solid-bundle-with-prs\00-README.md", "Markdown", 0, 0, 0, 0, 0, 219, 0, 0, 8, 227
"d:\Works\source\phaser-repositories\njs-game-unit-module\docs\solid-bundle-with-prs\01-SOLID-Scorecard.md", "Markdown", 0, 0, 0, 0, 0, 29, 0, 0, 12, 41
"d:\Works\source\phaser-repositories\njs-game-unit-module\docs\solid-bundle-with-prs\02-Refactor-Plan.md", "Markdown", 0, 0, 0, 0, 0, 77, 0, 0, 36, 113
"d:\Works\source\phaser-repositories\njs-game-unit-module\docs\solid-bundle-with-prs\03-Design-Patterns-Guide.md", "Markdown", 0, 0, 0, 0, 0, 35, 0, 0, 15, 50
"d:\Works\source\phaser-repositories\njs-game-unit-module\docs\solid-bundle-with-prs\04-File-by-File-Checklist.md", "Markdown", 0, 0, 0, 0, 0, 1483, 0, 0, 635, 2118
"d:\Works\source\phaser-repositories\njs-game-unit-module\docs\solid-bundle-with-prs\04-File-by-File-Issues.md", "Markdown", 0, 0, 0, 0, 0, 40, 0, 0, 16, 56
"d:\Works\source\phaser-repositories\njs-game-unit-module\docs\solid-bundle-with-prs\05-Testing-Plan.md", "Markdown", 0, 0, 0, 0, 0, 20, 0, 0, 6, 26
"d:\Works\source\phaser-repositories\njs-game-unit-module\docs\solid-bundle-with-prs\06-Interfaces-Contracts.md", "Markdown", 0, 0, 0, 0, 0, 42, 0, 0, 14, 56
"d:\Works\source\phaser-repositories\njs-game-unit-module\docs\solid-bundle-with-prs\07-DI-Wiring.md", "Markdown", 0, 0, 0, 0, 0, 27, 0, 0, 8, 35
"d:\Works\source\phaser-repositories\njs-game-unit-module\docs\solid-bundle-with-prs\08-Coding-Standards.md", "Markdown", 0, 0, 0, 0, 0, 17, 0, 0, 5, 22
"d:\Works\source\phaser-repositories\njs-game-unit-module\docs\solid-bundle-with-prs\09-Performance-Checklist.md", "Markdown", 0, 0, 0, 0, 0, 6, 0, 0, 2, 8
"d:\Works\source\phaser-repositories\njs-game-unit-module\docs\solid-bundle-with-prs\10-Migration-Checklist.md", "Markdown", 0, 0, 0, 0, 0, 7, 0, 0, 2, 9
"d:\Works\source\phaser-repositories\njs-game-unit-module\docs\solid-bundle-with-prs\11-Cursor-Tasks.md", "Markdown", 0, 0, 0, 0, 0, 213, 0, 0, 1, 214
"d:\Works\source\phaser-repositories\njs-game-unit-module\docs\solid-bundle-with-prs\MASTER-README.md", "Markdown", 0, 0, 0, 0, 0, 27, 0, 0, 8, 35
"d:\Works\source\phaser-repositories\njs-game-unit-module\docs\solid-bundle-with-prs\PR-Plan.md", "Markdown", 0, 0, 0, 0, 0, 1154, 0, 0, 299, 1453
"d:\Works\source\phaser-repositories\njs-game-unit-module\docs\solid-bundle-with-prs\analysis.json", "JSON", 0, 0, 0, 11972, 0, 0, 0, 0, 0, 11972
"d:\Works\source\phaser-repositories\njs-game-unit-module\old_src\README.md", "Markdown", 0, 0, 0, 0, 0, 199, 0, 0, 58, 257
"d:\Works\source\phaser-repositories\njs-game-unit-module\old_src\examples\basic-usage\index.html", "HTML", 0, 0, 0, 0, 0, 0, 323, 2, 44, 369
"d:\Works\source\phaser-repositories\njs-game-unit-module\old_src\examples\typescript-example\package.json", "JSON", 0, 0, 0, 23, 0, 0, 0, 0, 1, 24
"d:\Works\source\phaser-repositories\njs-game-unit-module\old_src\examples\typescript-example\src\main.ts", "TypeScript", 0, 214, 0, 0, 0, 0, 0, 43, 52, 309
"d:\Works\source\phaser-repositories\njs-game-unit-module\old_src\examples\typescript-example\webpack.config.js", "JavaScript", 0, 0, 0, 0, 32, 0, 0, 0, 2, 34
"d:\Works\source\phaser-repositories\njs-game-unit-module\old_src\package-lock.json", "JSON", 0, 0, 0, 6389, 0, 0, 0, 0, 1, 6390
"d:\Works\source\phaser-repositories\njs-game-unit-module\old_src\package.json", "JSON", 0, 0, 0, 81, 0, 0, 0, 0, 1, 82
"d:\Works\source\phaser-repositories\njs-game-unit-module\old_src\rollup.config.js", "JavaScript", 0, 0, 0, 0, 45, 0, 0, 2, 3, 50
"d:\Works\source\phaser-repositories\njs-game-unit-module\old_src\simple-test.js", "JavaScript", 0, 0, 0, 0, 38, 0, 0, 2, 10, 50
"d:\Works\source\phaser-repositories\njs-game-unit-module\old_src\src\adapters\IUnitAdapter.ts", "TypeScript", 0, 78, 0, 0, 0, 0, 0, 38, 32, 148
"d:\Works\source\phaser-repositories\njs-game-unit-module\old_src\src\adapters\LegacyPositionUnitAdapter.ts", "TypeScript", 0, 156, 0, 0, 0, 0, 0, 15, 38, 209
"d:\Works\source\phaser-repositories\njs-game-unit-module\old_src\src\adapters\LegacySizeUnitAdapter.ts", "TypeScript", 0, 147, 0, 0, 0, 0, 0, 14, 35, 196
"d:\Works\source\phaser-repositories\njs-game-unit-module\old_src\src\classes\EnhancedSizeUnitCalculator.ts", "TypeScript", 0, 355, 0, 0, 0, 0, 0, 86, 54, 495
"d:\Works\source\phaser-repositories\njs-game-unit-module\old_src\src\classes\PositionUnitCalculator.ts", "TypeScript", 0, 296, 0, 0, 0, 0, 0, 63, 30, 389
"d:\Works\source\phaser-repositories\njs-game-unit-module\old_src\src\classes\RandomValueNumber.ts", "TypeScript", 0, 51, 0, 0, 0, 0, 0, 10, 10, 71
"d:\Works\source\phaser-repositories\njs-game-unit-module\old_src\src\classes\RefactoredPositionUnitCalculator.ts", "TypeScript", 0, 251, 0, 0, 0, 0, 0, 75, 36, 362
"d:\Works\source\phaser-repositories\njs-game-unit-module\old_src\src\classes\RefactoredScaleUnitCalculator.ts", "TypeScript", 0, 231, 0, 0, 0, 0, 0, 83, 39, 353
"d:\Works\source\phaser-repositories\njs-game-unit-module\old_src\src\classes\RefactoredSizeUnitCalculator.ts", "TypeScript", 0, 227, 0, 0, 0, 0, 0, 89, 41, 357
"d:\Works\source\phaser-repositories\njs-game-unit-module\old_src\src\classes\ScaleUnitCalculator.ts", "TypeScript", 0, 306, 0, 0, 0, 0, 0, 139, 58, 503
"d:\Works\source\phaser-repositories\njs-game-unit-module\old_src\src\classes\SizeUnitCalculator.ts", "TypeScript", 0, 264, 0, 0, 0, 0, 0, 61, 39, 364
"d:\Works\source\phaser-repositories\njs-game-unit-module\old_src\src\classes\UnitCalculatorFactory.ts", "TypeScript", 0, 242, 0, 0, 0, 0, 0, 49, 37, 328
"d:\Works\source\phaser-repositories\njs-game-unit-module\old_src\src\commands\BatchCalculationCommand.ts", "TypeScript", 0, 127, 0, 0, 0, 0, 0, 46, 23, 196
"d:\Works\source\phaser-repositories\njs-game-unit-module\old_src\src\commands\CalculatePositionCommand.ts", "TypeScript", 0, 38, 0, 0, 0, 0, 0, 27, 12, 77
"d:\Works\source\phaser-repositories\njs-game-unit-module\old_src\src\commands\CalculateSizeCommand.ts", "TypeScript", 0, 38, 0, 0, 0, 0, 0, 27, 12, 77
"d:\Works\source\phaser-repositories\njs-game-unit-module\old_src\src\commands\IUnitCommand.ts", "TypeScript", 0, 51, 0, 0, 0, 0, 0, 26, 23, 100
"d:\Works\source\phaser-repositories\njs-game-unit-module\old_src\src\composites\IUnitComposite.ts", "TypeScript", 0, 163, 0, 0, 0, 0, 0, 45, 53, 261
"d:\Works\source\phaser-repositories\njs-game-unit-module\old_src\src\composites\UnitGroupComposite.ts", "TypeScript", 0, 168, 0, 0, 0, 0, 0, 51, 36, 255
"d:\Works\source\phaser-repositories\njs-game-unit-module\old_src\src\constants\UnitSystemConstants.ts", "TypeScript", 0, 285, 0, 0, 0, 0, 0, 106, 38, 429
"d:\Works\source\phaser-repositories\njs-game-unit-module\old_src\src\constants\index.ts", "TypeScript", 0, 16, 0, 0, 0, 0, 0, 5, 3, 24
"d:\Works\source\phaser-repositories\njs-game-unit-module\old_src\src\core\Logger.ts", "TypeScript", 0, 56, 0, 0, 0, 0, 0, 6, 14, 76
"d:\Works\source\phaser-repositories\njs-game-unit-module\old_src\src\decorators\CachingDecorator.ts", "TypeScript", 0, 168, 0, 0, 0, 0, 0, 47, 36, 251
"d:\Works\source\phaser-repositories\njs-game-unit-module\old_src\src\decorators\IUnitDecorator.ts", "TypeScript", 0, 107, 0, 0, 0, 0, 0, 49, 43, 199
"d:\Works\source\phaser-repositories\njs-game-unit-module\old_src\src\decorators\ValidationDecorator.ts", "TypeScript", 0, 251, 0, 0, 0, 0, 0, 63, 42, 356
"d:\Works\source\phaser-repositories\njs-game-unit-module\old_src\src\enums\AxisUnit.ts", "TypeScript", 0, 7, 0, 0, 0, 0, 0, 9, 5, 21
"d:\Works\source\phaser-repositories\njs-game-unit-module\old_src\src\enums\CalculationStrategy.ts", "TypeScript", 0, 30, 0, 0, 0, 0, 0, 15, 7, 52
"d:\Works\source\phaser-repositories\njs-game-unit-module\old_src\src\enums\Dimension.ts", "TypeScript", 0, 8, 0, 0, 0, 0, 0, 10, 6, 24
"d:\Works\source\phaser-repositories\njs-game-unit-module\old_src\src\enums\LogLevel.ts", "TypeScript", 0, 21, 0, 0, 0, 0, 0, 19, 6, 46
"d:\Works\source\phaser-repositories\njs-game-unit-module\old_src\src\enums\PositionUnit.ts", "TypeScript", 0, 20, 0, 0, 0, 0, 0, 9, 4, 33
"d:\Works\source\phaser-repositories\njs-game-unit-module\old_src\src\enums\PositionValue.ts", "TypeScript", 0, 17, 0, 0, 0, 0, 0, 10, 5, 32
"d:\Works\source\phaser-repositories\njs-game-unit-module\old_src\src\enums\ScaleUnit.ts", "TypeScript", 0, 13, 0, 0, 0, 0, 0, 9, 4, 26
"d:\Works\source\phaser-repositories\njs-game-unit-module\old_src\src\enums\ScaleValue.ts", "TypeScript", 0, 13, 0, 0, 0, 0, 0, 11, 6, 30
"d:\Works\source\phaser-repositories\njs-game-unit-module\old_src\src\enums\SizeUnit.ts", "TypeScript", 0, 14, 0, 0, 0, 0, 0, 9, 4, 27
"d:\Works\source\phaser-repositories\njs-game-unit-module\old_src\src\enums\SizeValue.ts", "TypeScript", 0, 10, 0, 0, 0, 0, 0, 9, 4, 23
"d:\Works\source\phaser-repositories\njs-game-unit-module\old_src\src\enums\TemplateInputType.ts", "TypeScript", 0, 6, 0, 0, 0, 0, 0, 8, 4, 18
"d:\Works\source\phaser-repositories\njs-game-unit-module\old_src\src\enums\UnitType.ts", "TypeScript", 0, 5, 0, 0, 0, 0, 0, 4, 1, 10
"d:\Works\source\phaser-repositories\njs-game-unit-module\old_src\src\enums\ValidationType.ts", "TypeScript", 0, 33, 0, 0, 0, 0, 0, 15, 7, 55
"d:\Works\source\phaser-repositories\njs-game-unit-module\old_src\src\enums\index.ts", "TypeScript", 0, 54, 0, 0, 0, 0, 0, 23, 27, 104
"d:\Works\source\phaser-repositories\njs-game-unit-module\old_src\src\examples\ContainerIntegrationExample.ts", "TypeScript", 0, 213, 0, 0, 0, 0, 0, 70, 59, 342
"d:\Works\source\phaser-repositories\njs-game-unit-module\old_src\src\examples\PhaserGameObjectExample.ts", "TypeScript", 0, 130, 0, 0, 0, 0, 0, 46, 37, 213
"d:\Works\source\phaser-repositories\njs-game-unit-module\old_src\src\index.ts", "TypeScript", 0, 50, 0, 0, 0, 0, 0, 14, 14, 78
"d:\Works\source\phaser-repositories\njs-game-unit-module\old_src\src\interfaces\ILegacyUnit.ts", "TypeScript", 0, 244, 0, 0, 0, 0, 0, 108, 63, 415
"d:\Works\source\phaser-repositories\njs-game-unit-module\old_src\src\interfaces\IPhaserUnitContext.ts", "TypeScript", 0, 185, 0, 0, 0, 0, 0, 66, 29, 280
"d:\Works\source\phaser-repositories\njs-game-unit-module\old_src\src\interfaces\IPositionUnit.ts", "TypeScript", 0, 18, 0, 0, 0, 0, 0, 53, 13, 84
"d:\Works\source\phaser-repositories\njs-game-unit-module\old_src\src\interfaces\IRandomValue.ts", "TypeScript", 0, 14, 0, 0, 0, 0, 0, 18, 2, 34
"d:\Works\source\phaser-repositories\njs-game-unit-module\old_src\src\interfaces\IScaleUnit.ts", "TypeScript", 0, 18, 0, 0, 0, 0, 0, 58, 14, 90
"d:\Works\source\phaser-repositories\njs-game-unit-module\old_src\src\interfaces\ISizeUnit.ts", "TypeScript", 0, 17, 0, 0, 0, 0, 0, 48, 12, 77
"d:\Works\source\phaser-repositories\njs-game-unit-module\old_src\src\interfaces\IStrategyInput.ts", "TypeScript", 0, 317, 0, 0, 0, 0, 0, 99, 62, 478
"d:\Works\source\phaser-repositories\njs-game-unit-module\old_src\src\interfaces\ITemplateInput.ts", "TypeScript", 0, 164, 0, 0, 0, 0, 0, 83, 48, 295
"d:\Works\source\phaser-repositories\njs-game-unit-module\old_src\src\interfaces\IUnit.ts", "TypeScript", 0, 38, 0, 0, 0, 0, 0, 60, 16, 114
"d:\Works\source\phaser-repositories\njs-game-unit-module\old_src\src\interfaces\IUnitConfig.ts", "TypeScript", 0, 105, 0, 0, 0, 0, 0, 57, 30, 192
"d:\Works\source\phaser-repositories\njs-game-unit-module\old_src\src\interfaces\IValidationInput.ts", "TypeScript", 0, 253, 0, 0, 0, 0, 0, 124, 57, 434
"d:\Works\source\phaser-repositories\njs-game-unit-module\old_src\src\interfaces\strategy\IPositionStrategyInput.ts", "TypeScript", 0, 48, 0, 0, 0, 0, 0, 34, 22, 104
"d:\Works\source\phaser-repositories\njs-game-unit-module\old_src\src\interfaces\strategy\IScaleStrategyInput.ts", "TypeScript", 0, 32, 0, 0, 0, 0, 0, 32, 20, 84
"d:\Works\source\phaser-repositories\njs-game-unit-module\old_src\src\interfaces\strategy\ISizeStrategyInput.ts", "TypeScript", 0, 48, 0, 0, 0, 0, 0, 34, 22, 104
"d:\Works\source\phaser-repositories\njs-game-unit-module\old_src\src\interfaces\strategy\IStrategyInput.ts", "TypeScript", 0, 54, 0, 0, 0, 0, 0, 32, 20, 106
"d:\Works\source\phaser-repositories\njs-game-unit-module\old_src\src\interfaces\strategy\index.ts", "TypeScript", 0, 24, 0, 0, 0, 0, 0, 8, 7, 39
"d:\Works\source\phaser-repositories\njs-game-unit-module\old_src\src\managers\CommandManager.ts", "TypeScript", 0, 175, 0, 0, 0, 0, 0, 58, 43, 276
"d:\Works\source\phaser-repositories\njs-game-unit-module\old_src\src\managers\ObserverManager.ts", "TypeScript", 0, 155, 0, 0, 0, 0, 0, 48, 27, 230
"d:\Works\source\phaser-repositories\njs-game-unit-module\old_src\src\managers\PerformanceManager.ts", "TypeScript", 0, 218, 0, 0, 0, 0, 0, 65, 49, 332
"d:\Works\source\phaser-repositories\njs-game-unit-module\old_src\src\managers\StrategyManager.ts", "TypeScript", 0, 148, 0, 0, 0, 0, 0, 46, 27, 221
"d:\Works\source\phaser-repositories\njs-game-unit-module\old_src\src\managers\UnitRegistryManager.ts", "TypeScript", 0, 152, 0, 0, 0, 0, 0, 50, 23, 225
"d:\Works\source\phaser-repositories\njs-game-unit-module\old_src\src\managers\UnitSystemManager.ts", "TypeScript", 0, 202, 0, 0, 0, 0, 0, 81, 46, 329
"d:\Works\source\phaser-repositories\njs-game-unit-module\old_src\src\managers\ValidationManager.ts", "TypeScript", 0, 259, 0, 0, 0, 0, 0, 56, 47, 362
"d:\Works\source\phaser-repositories\njs-game-unit-module\old_src\src\managers\index.ts", "TypeScript", 0, 14, 0, 0, 0, 0, 0, 8, 4, 26
"d:\Works\source\phaser-repositories\njs-game-unit-module\old_src\src\mementos\IUnitMemento.ts", "TypeScript", 0, 105, 0, 0, 0, 0, 0, 35, 33, 173
"d:\Works\source\phaser-repositories\njs-game-unit-module\old_src\src\mementos\UnitCalculationMemento.ts", "TypeScript", 0, 233, 0, 0, 0, 0, 0, 58, 28, 319
"d:\Works\source\phaser-repositories\njs-game-unit-module\old_src\src\mementos\UnitMementoCaretaker.ts", "TypeScript", 0, 277, 0, 0, 0, 0, 0, 79, 62, 418
"d:\Works\source\phaser-repositories\njs-game-unit-module\old_src\src\mementos\UnitMementoManager.ts", "TypeScript", 0, 353, 0, 0, 0, 0, 0, 89, 55, 497
"d:\Works\source\phaser-repositories\njs-game-unit-module\old_src\src\mementos\index.ts", "TypeScript", 0, 3, 0, 0, 0, 0, 0, 1, 1, 5
"d:\Works\source\phaser-repositories\njs-game-unit-module\old_src\src\monitoring\ProductionMonitoringSystem.ts", "TypeScript", 0, 427, 0, 0, 0, 0, 0, 82, 80, 589
"d:\Works\source\phaser-repositories\njs-game-unit-module\old_src\src\observers\IUnitObserver.ts", "TypeScript", 0, 35, 0, 0, 0, 0, 0, 33, 19, 87
"d:\Works\source\phaser-repositories\njs-game-unit-module\old_src\src\observers\LoggingObserver.ts", "TypeScript", 0, 82, 0, 0, 0, 0, 0, 33, 19, 134
"d:\Works\source\phaser-repositories\njs-game-unit-module\old_src\src\observers\PerformanceObserver.ts", "TypeScript", 0, 171, 0, 0, 0, 0, 0, 61, 33, 265
"d:\Works\source\phaser-repositories\njs-game-unit-module\old_src\src\strategies\IUnitStrategy.ts", "TypeScript", 0, 14, 0, 0, 0, 0, 0, 45, 9, 68
"d:\Works\source\phaser-repositories\njs-game-unit-module\old_src\src\strategies\MixedUnitStrategy.ts", "TypeScript", 0, 252, 0, 0, 0, 0, 0, 84, 48, 384
"d:\Works\source\phaser-repositories\njs-game-unit-module\old_src\src\strategies\PositionUnitStrategy.ts", "TypeScript", 0, 250, 0, 0, 0, 0, 0, 72, 42, 364
"d:\Works\source\phaser-repositories\njs-game-unit-module\old_src\src\strategies\ScaleUnitStrategy.ts", "TypeScript", 0, 190, 0, 0, 0, 0, 0, 54, 32, 276
"d:\Works\source\phaser-repositories\njs-game-unit-module\old_src\src\strategies\SizeUnitStrategy.ts", "TypeScript", 0, 216, 0, 0, 0, 0, 0, 59, 38, 313
"d:\Works\source\phaser-repositories\njs-game-unit-module\old_src\src\strategies\cache\IStrategyCache.ts", "TypeScript", 0, 39, 0, 0, 0, 0, 0, 63, 19, 121
"d:\Works\source\phaser-repositories\njs-game-unit-module\old_src\src\strategies\cache\StrategyCache.ts", "TypeScript", 0, 231, 0, 0, 0, 0, 0, 16, 48, 295
"d:\Works\source\phaser-repositories\njs-game-unit-module\old_src\src\strategies\composition\IStrategyComposer.ts", "TypeScript", 0, 25, 0, 0, 0, 0, 0, 28, 9, 62
"d:\Works\source\phaser-repositories\njs-game-unit-module\old_src\src\strategies\composition\SizeStrategyComposers.ts", "TypeScript", 0, 349, 0, 0, 0, 0, 0, 23, 61, 433
"d:\Works\source\phaser-repositories\njs-game-unit-module\old_src\src\strategies\value-calculation\IPositionValueCalculationStrategy.ts", "TypeScript", 0, 48, 0, 0, 0, 0, 0, 61, 20, 129
"d:\Works\source\phaser-repositories\njs-game-unit-module\old_src\src\strategies\value-calculation\IScaleValueCalculationStrategy.ts", "TypeScript", 0, 34, 0, 0, 0, 0, 0, 58, 19, 111
"d:\Works\source\phaser-repositories\njs-game-unit-module\old_src\src\strategies\value\ISizeValueCalculationStrategy.ts", "TypeScript", 0, 38, 0, 0, 0, 0, 0, 26, 18, 82
"d:\Works\source\phaser-repositories\njs-game-unit-module\old_src\src\strategies\value\PositionValueCalculationStrategies.ts", "TypeScript", 0, 251, 0, 0, 0, 0, 0, 31, 42, 324
"d:\Works\source\phaser-repositories\njs-game-unit-module\old_src\src\strategies\value\PositionValueCalculationStrategyRegistry.ts", "TypeScript", 0, 135, 0, 0, 0, 0, 0, 44, 25, 204
"d:\Works\source\phaser-repositories\njs-game-unit-module\old_src\src\strategies\value\ScaleValueCalculationStrategies.ts", "TypeScript", 0, 168, 0, 0, 0, 0, 0, 32, 42, 242
"d:\Works\source\phaser-repositories\njs-game-unit-module\old_src\src\strategies\value\ScaleValueCalculationStrategyRegistry.ts", "TypeScript", 0, 121, 0, 0, 0, 0, 0, 41, 24, 186
"d:\Works\source\phaser-repositories\njs-game-unit-module\old_src\src\strategies\value\SizeValueCalculationStrategies.ts", "TypeScript", 0, 248, 0, 0, 0, 0, 0, 32, 43, 323
"d:\Works\source\phaser-repositories\njs-game-unit-module\old_src\src\strategies\value\SizeValueCalculationStrategyRegistry.ts", "TypeScript", 0, 213, 0, 0, 0, 0, 0, 67, 38, 318
"d:\Works\source\phaser-repositories\njs-game-unit-module\old_src\src\strategies\value\index.ts", "TypeScript", 0, 36, 0, 0, 0, 0, 0, 5, 5, 46
"d:\Works\source\phaser-repositories\njs-game-unit-module\old_src\src\templates\IUnitCalculationTemplate.ts", "TypeScript", 0, 113, 0, 0, 0, 0, 0, 52, 27, 192
"d:\Works\source\phaser-repositories\njs-game-unit-module\old_src\src\templates\PositionCalculationTemplate.ts", "TypeScript", 0, 168, 0, 0, 0, 0, 0, 93, 31, 292
"d:\Works\source\phaser-repositories\njs-game-unit-module\old_src\src\templates\ScaleCalculationTemplate.ts", "TypeScript", 0, 163, 0, 0, 0, 0, 0, 93, 31, 287
"d:\Works\source\phaser-repositories\njs-game-unit-module\old_src\src\templates\SizeCalculationTemplate.ts", "TypeScript", 0, 167, 0, 0, 0, 0, 0, 93, 31, 291
"d:\Works\source\phaser-repositories\njs-game-unit-module\old_src\src\test\AdvancedFeatures.test.ts", "TypeScript", 0, 264, 0, 0, 0, 0, 0, 27, 75, 366
"d:\Works\source\phaser-repositories\njs-game-unit-module\old_src\src\test\BatchCalculationCommand.test.ts", "TypeScript", 0, 235, 0, 0, 0, 0, 0, 8, 54, 297
"d:\Works\source\phaser-repositories\njs-game-unit-module\old_src\src\test\CachingDecorator.test.ts", "TypeScript", 0, 219, 0, 0, 0, 0, 0, 18, 57, 294
"d:\Works\source\phaser-repositories\njs-game-unit-module\old_src\src\test\CalculatePositionCommand.test.ts", "TypeScript", 0, 218, 0, 0, 0, 0, 0, 4, 54, 276
"d:\Works\source\phaser-repositories\njs-game-unit-module\old_src\src\test\CalculateSizeCommand.test.ts", "TypeScript", 0, 226, 0, 0, 0, 0, 0, 4, 52, 282
"d:\Works\source\phaser-repositories\njs-game-unit-module\old_src\src\test\CalculatorRefactoringComparison.test.ts", "TypeScript", 0, 355, 0, 0, 0, 0, 0, 57, 75, 487
"d:\Works\source\phaser-repositories\njs-game-unit-module\old_src\src\test\CompleteCalculatorRefactoring.test.ts", "TypeScript", 0, 501, 0, 0, 0, 0, 0, 16, 79, 596
"d:\Works\source\phaser-repositories\njs-game-unit-module\old_src\src\test\CompleteStrategyPatternImplementation.test.ts", "TypeScript", 0, 387, 0, 0, 0, 0, 0, 9, 65, 461
"d:\Works\source\phaser-repositories\njs-game-unit-module\old_src\src\test\LegacyPositionUnitAdapter.test.ts", "TypeScript", 0, 270, 0, 0, 0, 0, 0, 1, 45, 316
"d:\Works\source\phaser-repositories\njs-game-unit-module\old_src\src\test\LegacySizeUnitAdapter.test.ts", "TypeScript", 0, 258, 0, 0, 0, 0, 0, 1, 45, 304
"d:\Works\source\phaser-repositories\njs-game-unit-module\old_src\src\test\LoggerPerformanceComparison.test.ts", "TypeScript", 0, 250, 0, 0, 0, 0, 0, 42, 58, 350
"d:\Works\source\phaser-repositories\njs-game-unit-module\old_src\src\test\LoggingObserver.test.ts", "TypeScript", 0, 346, 0, 0, 0, 0, 0, 14, 71, 431
"d:\Works\source\phaser-repositories\njs-game-unit-module\old_src\src\test\MixedUnitStrategy.test.ts", "TypeScript", 0, 140, 0, 0, 0, 0, 0, 1, 24, 165
"d:\Works\source\phaser-repositories\njs-game-unit-module\old_src\src\test\PerformanceComparisonSystem.test.ts", "TypeScript", 0, 302, 0, 0, 0, 0, 0, 19, 34, 355
"d:\Works\source\phaser-repositories\njs-game-unit-module\old_src\src\test\PerformanceObserver.test.ts", "TypeScript", 0, 379, 0, 0, 0, 0, 0, 20, 88, 487
"d:\Works\source\phaser-repositories\njs-game-unit-module\old_src\src\test\PositionCalculationTemplate.test.ts", "TypeScript", 0, 223, 0, 0, 0, 0, 0, 9, 51, 283
"d:\Works\source\phaser-repositories\njs-game-unit-module\old_src\src\test\PositionUnitCalculator.test.ts", "TypeScript", 0, 167, 0, 0, 0, 0, 0, 0, 29, 196
"d:\Works\source\phaser-repositories\njs-game-unit-module\old_src\src\test\ProductionMonitoringSystem.test.ts", "TypeScript", 0, 417, 0, 0, 0, 0, 0, 18, 113, 548
"d:\Works\source\phaser-repositories\njs-game-unit-module\old_src\src\test\RangeValidator.test.ts", "TypeScript", 0, 390, 0, 0, 0, 0, 0, 9, 80, 479
"d:\Works\source\phaser-repositories\njs-game-unit-module\old_src\src\test\RefactoredSizeUnitCalculator.test.ts", "TypeScript", 0, 471, 0, 0, 0, 0, 0, 16, 74, 561
"d:\Works\source\phaser-repositories\njs-game-unit-module\old_src\src\test\RefactoredUnitSystemManager.test.ts", "TypeScript", 0, 362, 0, 0, 0, 0, 0, 10, 76, 448
"d:\Works\source\phaser-repositories\njs-game-unit-module\old_src\src\test\ScaleCalculationTemplate.test.ts", "TypeScript", 0, 217, 0, 0, 0, 0, 0, 9, 50, 276
"d:\Works\source\phaser-repositories\njs-game-unit-module\old_src\src\test\ScaleUnitCalculator.test.ts", "TypeScript", 0, 271, 0, 0, 0, 0, 0, 0, 47, 318
"d:\Works\source\phaser-repositories\njs-game-unit-module\old_src\src\test\SizeCalculationTemplate.test.ts", "TypeScript", 0, 224, 0, 0, 0, 0, 0, 9, 51, 284
"d:\Works\source\phaser-repositories\njs-game-unit-module\old_src\src\test\SizeUnitCalculator.test.ts", "TypeScript", 0, 381, 0, 0, 0, 0, 0, 4, 57, 442
"d:\Works\source\phaser-repositories\njs-game-unit-module\old_src\src\test\SizeUnitStrategy.test.ts", "TypeScript", 0, 196, 0, 0, 0, 0, 0, 0, 42, 238
"d:\Works\source\phaser-repositories\njs-game-unit-module\old_src\src\test\StrategyPatternImplementation.test.ts", "TypeScript", 0, 391, 0, 0, 0, 0, 0, 3, 84, 478
"d:\Works\source\phaser-repositories\njs-game-unit-module\old_src\src\test\TypeValidator.test.ts", "TypeScript", 0, 499, 0, 0, 0, 0, 0, 11, 116, 626
"d:\Works\source\phaser-repositories\njs-game-unit-module\old_src\src\test\UnitCalculationMemento.test.ts", "TypeScript", 0, 693, 0, 0, 0, 0, 0, 1, 89, 783
"d:\Works\source\phaser-repositories\njs-game-unit-module\old_src\src\test\UnitCalculatorFactory.test.ts", "TypeScript", 0, 314, 0, 0, 0, 0, 0, 2, 50, 366
"d:\Works\source\phaser-repositories\njs-game-unit-module\old_src\src\test\UnitGroupComposite.test.ts", "TypeScript", 0, 299, 0, 0, 0, 0, 0, 17, 79, 395
"d:\Works\source\phaser-repositories\njs-game-unit-module\old_src\src\test\UnitMementoManager.test.ts", "TypeScript", 0, 507, 0, 0, 0, 0, 0, 35, 89, 631
"d:\Works\source\phaser-repositories\njs-game-unit-module\old_src\src\test\UnitSystemManager.test.ts", "TypeScript", 0, 128, 0, 0, 0, 0, 0, 7, 32, 167
"d:\Works\source\phaser-repositories\njs-game-unit-module\old_src\src\test\ValidationDecorator.test.ts", "TypeScript", 0, 558, 0, 0, 0, 0, 0, 12, 100, 670
"d:\Works\source\phaser-repositories\njs-game-unit-module\old_src\src\test\setup.ts", "TypeScript", 0, 42, 0, 0, 0, 0, 0, 8, 8, 58
"d:\Works\source\phaser-repositories\njs-game-unit-module\old_src\src\types\UnitValue.ts", "TypeScript", 0, 37, 0, 0, 0, 0, 0, 13, 5, 55
"d:\Works\source\phaser-repositories\njs-game-unit-module\old_src\src\validators\IUnitValidator.ts", "TypeScript", 0, 53, 0, 0, 0, 0, 0, 33, 24, 110
"d:\Works\source\phaser-repositories\njs-game-unit-module\old_src\src\validators\RangeValidator.ts", "TypeScript", 0, 151, 0, 0, 0, 0, 0, 35, 26, 212
"d:\Works\source\phaser-repositories\njs-game-unit-module\old_src\src\validators\TypeValidator.ts", "TypeScript", 0, 158, 0, 0, 0, 0, 0, 64, 32, 254
"d:\Works\source\phaser-repositories\njs-game-unit-module\old_src\test-runner.js", "JavaScript", 0, 0, 0, 0, 92, 0, 0, 6, 20, 118
"d:\Works\source\phaser-repositories\njs-game-unit-module\old_src\tsconfig.json", "JSON with Comments", 41, 0, 0, 0, 0, 0, 0, 0, 1, 42
"d:\Works\source\phaser-repositories\njs-game-unit-module\package-lock.json", "JSON", 0, 0, 0, 26, 0, 0, 0, 0, 1, 27
"d:\Works\source\phaser-repositories\njs-game-unit-module\package.json", "JSON", 0, 0, 0, 5, 0, 0, 0, 0, 1, 6
"d:\Works\source\phaser-repositories\njs-game-unit-module\scripts\find_fix.sh", "Shell Script", 0, 0, 5, 0, 0, 0, 0, 2, 1, 8
"d:\Works\source\phaser-repositories\njs-game-unit-module\solid-tests\README.md", "Markdown", 0, 0, 0, 0, 0, 29, 0, 0, 12, 41
"d:\Works\source\phaser-repositories\njs-game-unit-module\solid-tests\decorators\CachingDecorator.test.ts", "TypeScript", 0, 14, 0, 0, 0, 0, 0, 0, 5, 19
"d:\Works\source\phaser-repositories\njs-game-unit-module\solid-tests\decorators\LoggingDecorator.test.ts", "TypeScript", 0, 16, 0, 0, 0, 0, 0, 0, 5, 21
"d:\Works\source\phaser-repositories\njs-game-unit-module\solid-tests\decorators\ValidationDecorator.test.ts", "TypeScript", 0, 13, 0, 0, 0, 0, 0, 0, 4, 17
"d:\Works\source\phaser-repositories\njs-game-unit-module\solid-tests\jest.config.cjs", "JavaScript", 0, 0, 0, 0, 14, 0, 0, 2, 1, 17
"d:\Works\source\phaser-repositories\njs-game-unit-module\solid-tests\jest.config.js", "JavaScript", 0, 0, 0, 0, 7, 0, 0, 1, 1, 9
"d:\Works\source\phaser-repositories\njs-game-unit-module\solid-tests\package.json", "JSON", 0, 0, 0, 13, 0, 0, 0, 0, 0, 13
"d:\Works\source\phaser-repositories\njs-game-unit-module\solid-tests\registry\StrategyRegistry.test.ts", "TypeScript", 0, 19, 0, 0, 0, 0, 0, 0, 4, 23
"d:\Works\source\phaser-repositories\njs-game-unit-module\solid-tests\strategies\size\PercentWidthStrategy.test.ts", "TypeScript", 0, 19, 0, 0, 0, 0, 0, 0, 5, 24
"d:\Works\source\phaser-repositories\njs-game-unit-module\solid-tests\tests\decorators\caching.decorator.spec.ts", "TypeScript", 0, 28, 0, 0, 0, 0, 0, 0, 5, 33
"d:\Works\source\phaser-repositories\njs-game-unit-module\solid-tests\tests\decorators\logging.decorator.spec.ts", "TypeScript", 0, 24, 0, 0, 0, 0, 0, 0, 4, 28
"d:\Works\source\phaser-repositories\njs-game-unit-module\solid-tests\tests\decorators\validation.decorator.spec.ts", "TypeScript", 0, 20, 0, 0, 0, 0, 0, 0, 5, 25
"d:\Works\source\phaser-repositories\njs-game-unit-module\solid-tests\tests\di\container.spec.ts", "TypeScript", 0, 17, 0, 0, 0, 0, 0, 0, 4, 21
"d:\Works\source\phaser-repositories\njs-game-unit-module\solid-tests\tests\golden\size.percentWidth.golden.json", "JSON", 0, 0, 0, 57, 0, 0, 0, 0, 0, 57
"d:\Works\source\phaser-repositories\njs-game-unit-module\solid-tests\tests\helpers\fakes.ts", "TypeScript", 0, 7, 0, 0, 0, 0, 0, 0, 2, 9
"d:\Works\source\phaser-repositories\njs-game-unit-module\solid-tests\tests\strategies\registry.spec.ts", "TypeScript", 0, 20, 0, 0, 0, 0, 0, 0, 5, 25
"d:\Works\source\phaser-repositories\njs-game-unit-module\solid-tests\tests\strategies\size.percentWidth.golden.spec.ts", "TypeScript", 0, 12, 0, 0, 0, 0, 0, 0, 3, 15
"d:\Works\source\phaser-repositories\njs-game-unit-module\solid-tests\tests\strategies\size.percentWidth.spec.ts", "TypeScript", 0, 26, 0, 0, 0, 0, 0, 0, 5, 31
"d:\Works\source\phaser-repositories\njs-game-unit-module\solid-tests\tsconfig.jest.json", "JSON", 0, 0, 0, 26, 0, 0, 0, 0, 0, 26
"d:\Works\source\phaser-repositories\njs-game-unit-module\src\adapters\IUnitAdapter.ts", "TypeScript", 0, 132, 0, 0, 0, 0, 0, 47, 43, 222
"d:\Works\source\phaser-repositories\njs-game-unit-module\src\adapters\LegacyPositionUnitAdapter.ts", "TypeScript", 0, 157, 0, 0, 0, 0, 0, 15, 38, 210
"d:\Works\source\phaser-repositories\njs-game-unit-module\src\adapters\LegacySizeUnitAdapter.ts", "TypeScript", 0, 148, 0, 0, 0, 0, 0, 14, 35, 197
"d:\Works\source\phaser-repositories\njs-game-unit-module\src\classes\EnhancedSizeUnitCalculator.ts", "TypeScript", 0, 341, 0, 0, 0, 0, 0, 86, 53, 480
"d:\Works\source\phaser-repositories\njs-game-unit-module\src\classes\PositionUnitCalculator.ts", "TypeScript", 0, 221, 0, 0, 0, 0, 0, 63, 25, 309
"d:\Works\source\phaser-repositories\njs-game-unit-module\src\classes\RandomValueNumber.ts", "TypeScript", 0, 60, 0, 0, 0, 0, 0, 15, 11, 86
"d:\Works\source\phaser-repositories\njs-game-unit-module\src\classes\RefactoredPositionUnitCalculator.ts", "TypeScript", 0, 236, 0, 0, 0, 0, 0, 69, 28, 333
"d:\Works\source\phaser-repositories\njs-game-unit-module\src\classes\RefactoredScaleUnitCalculator.ts", "TypeScript", 0, 183, 0, 0, 0, 0, 0, 34, 27, 244
"d:\Works\source\phaser-repositories\njs-game-unit-module\src\classes\RefactoredSizeUnitCalculator.ts", "TypeScript", 0, 211, 0, 0, 0, 0, 0, 41, 25, 277
"d:\Works\source\phaser-repositories\njs-game-unit-module\src\classes\ScaleUnitCalculator.ts", "TypeScript", 0, 180, 0, 0, 0, 0, 0, 33, 24, 237
"d:\Works\source\phaser-repositories\njs-game-unit-module\src\classes\SizeUnitCalculator.ts", "TypeScript", 0, 204, 0, 0, 0, 0, 0, 39, 21, 264
"d:\Works\source\phaser-repositories\njs-game-unit-module\src\classes\UnitCalculatorFactory.ts", "TypeScript", 0, 139, 0, 0, 0, 0, 0, 49, 18, 206
"d:\Works\source\phaser-repositories\njs-game-unit-module\src\commands\CalculatePositionCommand.ts", "TypeScript", 0, 60, 0, 0, 0, 0, 0, 25, 12, 97
"d:\Works\source\phaser-repositories\njs-game-unit-module\src\commands\CalculateSizeCommand.ts", "TypeScript", 0, 60, 0, 0, 0, 0, 0, 25, 12, 97
"d:\Works\source\phaser-repositories\njs-game-unit-module\src\commands\IUnitCommand.ts", "TypeScript", 0, 109, 0, 0, 0, 0, 0, 39, 17, 165
"d:\Works\source\phaser-repositories\njs-game-unit-module\src\composites\UnitGroupComposite.ts", "TypeScript", 0, 159, 0, 0, 0, 0, 0, 50, 32, 241
"d:\Works\source\phaser-repositories\njs-game-unit-module\src\constants\index.ts", "TypeScript", 0, 29, 0, 0, 0, 0, 0, 6, 2, 37
"d:\Works\source\phaser-repositories\njs-game-unit-module\src\container.ts", "TypeScript", 0, 30, 0, 0, 0, 0, 0, 3, 7, 40
"d:\Works\source\phaser-repositories\njs-game-unit-module\src\container\ContainerSetup.ts", "TypeScript", 0, 66, 0, 0, 0, 0, 0, 20, 12, 98
"d:\Works\source\phaser-repositories\njs-game-unit-module\src\container\DiContainer.ts", "TypeScript", 0, 119, 0, 0, 0, 0, 0, 54, 27, 200
"d:\Works\source\phaser-repositories\njs-game-unit-module\src\container\Tokens.ts", "TypeScript", 0, 77, 0, 0, 0, 0, 0, 28, 15, 120
"d:\Works\source\phaser-repositories\njs-game-unit-module\src\container\index.ts", "TypeScript", 0, 3, 0, 0, 0, 0, 0, 0, 1, 4
"d:\Works\source\phaser-repositories\njs-game-unit-module\src\core\Logger.ts", "TypeScript", 0, 37, 0, 0, 0, 0, 0, 7, 9, 53
"d:\Works\source\phaser-repositories\njs-game-unit-module\src\decorators\CachingDecorator.ts", "TypeScript", 0, 16, 0, 0, 0, 0, 0, 0, 3, 19
"d:\Works\source\phaser-repositories\njs-game-unit-module\src\decorators\LoggingDecorator.ts", "TypeScript", 0, 15, 0, 0, 0, 0, 0, 0, 4, 19
"d:\Works\source\phaser-repositories\njs-game-unit-module\src\decorators\ValidationDecorator.ts", "TypeScript", 0, 146, 0, 0, 0, 0, 0, 60, 31, 237
"d:\Works\source\phaser-repositories\njs-game-unit-module\src\deployment\FeatureFlagSystem.ts", "TypeScript", 0, 140, 0, 0, 0, 0, 0, 59, 25, 224
"d:\Works\source\phaser-repositories\njs-game-unit-module\src\enums\Dimension.ts", "TypeScript", 0, 8, 0, 0, 0, 0, 0, 4, 1, 13
"d:\Works\source\phaser-repositories\njs-game-unit-module\src\enums\PositionUnit.ts", "TypeScript", 0, 13, 0, 0, 0, 0, 0, 4, 1, 18
"d:\Works\source\phaser-repositories\njs-game-unit-module\src\enums\PositionValue.ts", "TypeScript", 0, 7, 0, 0, 0, 0, 0, 4, 1, 12
"d:\Works\source\phaser-repositories\njs-game-unit-module\src\enums\ScaleUnit.ts", "TypeScript", 0, 9, 0, 0, 0, 0, 0, 4, 1, 14
"d:\Works\source\phaser-repositories\njs-game-unit-module\src\enums\ScaleValue.ts", "TypeScript", 0, 6, 0, 0, 0, 0, 0, 4, 1, 11
"d:\Works\source\phaser-repositories\njs-game-unit-module\src\enums\SizeUnit.ts", "TypeScript", 0, 9, 0, 0, 0, 0, 0, 4, 1, 14
"d:\Works\source\phaser-repositories\njs-game-unit-module\src\enums\SizeValue.ts", "TypeScript", 0, 6, 0, 0, 0, 0, 0, 4, 1, 11
"d:\Works\source\phaser-repositories\njs-game-unit-module\src\enums\UnitType.ts", "TypeScript", 0, 5, 0, 0, 0, 0, 0, 4, 1, 10
"d:\Works\source\phaser-repositories\njs-game-unit-module\src\examples\ContainerIntegrationExample.ts", "TypeScript", 0, 179, 0, 0, 0, 0, 0, 55, 23, 257
"d:\Works\source\phaser-repositories\njs-game-unit-module\src\examples\PhaserGameObjectExample.ts", "TypeScript", 0, 239, 0, 0, 0, 0, 0, 67, 32, 338
"d:\Works\source\phaser-repositories\njs-game-unit-module\src\interfaces\IPhaserUnitContext.ts", "TypeScript", 0, 159, 0, 0, 0, 0, 0, 60, 23, 242
"d:\Works\source\phaser-repositories\njs-game-unit-module\src\interfaces\IPositionUnit.ts", "TypeScript", 0, 29, 0, 0, 0, 0, 0, 27, 13, 69
"d:\Works\source\phaser-repositories\njs-game-unit-module\src\interfaces\IScaleUnit.ts", "TypeScript", 0, 29, 0, 0, 0, 0, 0, 28, 14, 71
"d:\Works\source\phaser-repositories\njs-game-unit-module\src\interfaces\ISizeUnit.ts", "TypeScript", 0, 25, 0, 0, 0, 0, 0, 23, 12, 60
"d:\Works\source\phaser-repositories\njs-game-unit-module\src\interfaces\IStrategyInput.ts", "TypeScript", 0, 387, 0, 0, 0, 0, 0, 134, 70, 591
"d:\Works\source\phaser-repositories\njs-game-unit-module\src\interfaces\IUnit.ts", "TypeScript", 0, 56, 0, 0, 0, 0, 0, 79, 17, 152
"d:\Works\source\phaser-repositories\njs-game-unit-module\src\interfaces\IUnitComposite.ts", "TypeScript", 0, 175, 0, 0, 0, 0, 0, 45, 54, 274
"d:\Works\source\phaser-repositories\njs-game-unit-module\src\interfaces\IUnitDecorator.ts", "TypeScript", 0, 128, 0, 0, 0, 0, 0, 70, 46, 244
"d:\Works\source\phaser-repositories\njs-game-unit-module\src\interfaces\strategy\IPositionStrategyInput.ts", "TypeScript", 0, 54, 0, 0, 0, 0, 0, 37, 23, 114
"d:\Works\source\phaser-repositories\njs-game-unit-module\src\interfaces\strategy\IScaleStrategyInput.ts", "TypeScript", 0, 47, 0, 0, 0, 0, 0, 35, 21, 103
"d:\Works\source\phaser-repositories\njs-game-unit-module\src\interfaces\strategy\ISizeStrategyInput.ts", "TypeScript", 0, 54, 0, 0, 0, 0, 0, 37, 23, 114
"d:\Works\source\phaser-repositories\njs-game-unit-module\src\interfaces\strategy\IStrategyInput.ts", "TypeScript", 0, 63, 0, 0, 0, 0, 0, 38, 21, 122
"d:\Works\source\phaser-repositories\njs-game-unit-module\src\interfaces\strategy\index.ts", "TypeScript", 0, 4, 0, 0, 0, 0, 0, 0, 1, 5
"d:\Works\source\phaser-repositories\njs-game-unit-module\src\managers\CommandManager.ts", "TypeScript", 0, 200, 0, 0, 0, 0, 0, 78, 53, 331
"d:\Works\source\phaser-repositories\njs-game-unit-module\src\managers\ConfigManager.ts", "TypeScript", 0, 25, 0, 0, 0, 0, 0, 22, 7, 54
"d:\Works\source\phaser-repositories\njs-game-unit-module\src\managers\ObserverManager.ts", "TypeScript", 0, 155, 0, 0, 0, 0, 0, 44, 27, 226
"d:\Works\source\phaser-repositories\njs-game-unit-module\src\managers\PerformanceManager.ts", "TypeScript", 0, 214, 0, 0, 0, 0, 0, 47, 37, 298
"d:\Works\source\phaser-repositories\njs-game-unit-module\src\managers\StrategyManager.ts", "TypeScript", 0, 163, 0, 0, 0, 0, 0, 51, 35, 249
"d:\Works\source\phaser-repositories\njs-game-unit-module\src\managers\UnitRegistryManager.ts", "TypeScript", 0, 232, 0, 0, 0, 0, 0, 64, 47, 343
"d:\Works\source\phaser-repositories\njs-game-unit-module\src\managers\UnitSystemManager.ts", "TypeScript", 0, 215, 0, 0, 0, 0, 0, 60, 36, 311
"d:\Works\source\phaser-repositories\njs-game-unit-module\src\managers\ValidationManager.ts", "TypeScript", 0, 58, 0, 0, 0, 0, 0, 20, 9, 87
"d:\Works\source\phaser-repositories\njs-game-unit-module\src\managers\index.ts", "TypeScript", 0, 7, 0, 0, 0, 0, 0, 0, 1, 8
"d:\Works\source\phaser-repositories\njs-game-unit-module\src\mementos\IUnitMemento.ts", "TypeScript", 0, 188, 0, 0, 0, 0, 0, 85, 36, 309
"d:\Works\source\phaser-repositories\njs-game-unit-module\src\mementos\UnitCalculationMemento.ts", "TypeScript", 0, 276, 0, 0, 0, 0, 0, 78, 34, 388
"d:\Works\source\phaser-repositories\njs-game-unit-module\src\mementos\UnitMementoCaretaker.ts", "TypeScript", 0, 284, 0, 0, 0, 0, 0, 79, 63, 426
"d:\Works\source\phaser-repositories\njs-game-unit-module\src\mementos\UnitMementoManager.ts", "TypeScript", 0, 362, 0, 0, 0, 0, 0, 89, 56, 507
"d:\Works\source\phaser-repositories\njs-game-unit-module\src\mementos\index.ts", "TypeScript", 0, 1, 0, 0, 0, 0, 0, 0, 1, 2
"d:\Works\source\phaser-repositories\njs-game-unit-module\src\monitoring\ProductionMonitoringSystem.ts", "TypeScript", 0, 431, 0, 0, 0, 0, 0, 82, 79, 592
"d:\Works\source\phaser-repositories\njs-game-unit-module\src\monitoring\index.ts", "TypeScript", 0, 1, 0, 0, 0, 0, 0, 0, 1, 2
"d:\Works\source\phaser-repositories\njs-game-unit-module\src\observers\IUnitObserver.ts", "TypeScript", 0, 47, 0, 0, 0, 0, 0, 45, 21, 113
"d:\Works\source\phaser-repositories\njs-game-unit-module\src\observers\LoggingObserver.ts", "TypeScript", 0, 86, 0, 0, 0, 0, 0, 33, 18, 137
"d:\Works\source\phaser-repositories\njs-game-unit-module\src\observers\PerformanceObserver.ts", "TypeScript", 0, 178, 0, 0, 0, 0, 0, 61, 34, 273
"d:\Works\source\phaser-repositories\njs-game-unit-module\src\observers\index.ts", "TypeScript", 0, 1, 0, 0, 0, 0, 0, 0, 1, 2
"d:\Works\source\phaser-repositories\njs-game-unit-module\src\strategies\MixedUnitStrategy.ts", "TypeScript", 0, 240, 0, 0, 0, 0, 0, 81, 46, 367
"d:\Works\source\phaser-repositories\njs-game-unit-module\src\strategies\PositionUnitStrategy.ts", "TypeScript", 0, 209, 0, 0, 0, 0, 0, 68, 39, 316
"d:\Works\source\phaser-repositories\njs-game-unit-module\src\strategies\ScaleUnitStrategy.ts", "TypeScript", 0, 176, 0, 0, 0, 0, 0, 53, 36, 265
"d:\Works\source\phaser-repositories\njs-game-unit-module\src\strategies\cache\IStrategyCache.ts", "TypeScript", 0, 51, 0, 0, 0, 0, 0, 75, 20, 146
"d:\Works\source\phaser-repositories\njs-game-unit-module\src\strategies\cache\StrategyCache.ts", "TypeScript", 0, 236, 0, 0, 0, 0, 0, 16, 49, 301
"d:\Works\source\phaser-repositories\njs-game-unit-module\src\strategies\cache\index.ts", "TypeScript", 0, 1, 0, 0, 0, 0, 0, 0, 1, 2
"d:\Works\source\phaser-repositories\njs-game-unit-module\src\strategies\composition\IStrategyComposer.ts", "TypeScript", 0, 37, 0, 0, 0, 0, 0, 40, 10, 87
"d:\Works\source\phaser-repositories\njs-game-unit-module\src\strategies\composition\SizeStrategyComposers.ts", "TypeScript", 0, 339, 0, 0, 0, 0, 0, 27, 58, 424
"d:\Works\source\phaser-repositories\njs-game-unit-module\src\strategies\composition\index.ts", "TypeScript", 0, 1, 0, 0, 0, 0, 0, 0, 1, 2
"d:\Works\source\phaser-repositories\njs-game-unit-module\src\strategies\registry.ts", "TypeScript", 0, 13, 0, 0, 0, 0, 0, 1, 1, 15
"d:\Works\source\phaser-repositories\njs-game-unit-module\src\strategies\registry\AxisUnitStrategyRegistry.ts", "TypeScript", 0, 52, 0, 0, 0, 0, 0, 29, 12, 93
"d:\Works\source\phaser-repositories\njs-game-unit-module\src\strategies\registry\CalculationStrategyRegistry.ts", "TypeScript", 0, 41, 0, 0, 0, 0, 0, 26, 13, 80
"d:\Works\source\phaser-repositories\njs-game-unit-module\src\strategies\registry\DimensionStrategyRegistry.ts", "TypeScript", 0, 75, 0, 0, 0, 0, 0, 36, 14, 125
"d:\Works\source\phaser-repositories\njs-game-unit-module\src\strategies\registry\LogLevelStrategyRegistry.ts", "TypeScript", 0, 41, 0, 0, 0, 0, 0, 25, 12, 78
"d:\Works\source\phaser-repositories\njs-game-unit-module\src\strategies\registry\PositionUnitStrategyRegistry.ts", "TypeScript", 0, 115, 0, 0, 0, 0, 0, 45, 37, 197
"d:\Works\source\phaser-repositories\njs-game-unit-module\src\strategies\registry\PositionValueStrategyRegistry.ts", "TypeScript", 0, 125, 0, 0, 0, 0, 0, 66, 33, 224
"d:\Works\source\phaser-repositories\njs-game-unit-module\src\strategies\registry\ScaleUnitStrategyRegistry.ts", "TypeScript", 0, 137, 0, 0, 0, 0, 0, 58, 42, 237
"d:\Works\source\phaser-repositories\njs-game-unit-module\src\strategies\registry\ScaleValueStrategyRegistry.ts", "TypeScript", 0, 83, 0, 0, 0, 0, 0, 38, 27, 148
"d:\Works\source\phaser-repositories\njs-game-unit-module\src\strategies\registry\SizeUnitStrategyRegistry.ts", "TypeScript", 0, 115, 0, 0, 0, 0, 0, 61, 33, 209
"d:\Works\source\phaser-repositories\njs-game-unit-module\src\strategies\registry\UnitTypeStrategyRegistry.ts", "TypeScript", 0, 49, 0, 0, 0, 0, 0, 33, 14, 96
"d:\Works\source\phaser-repositories\njs-game-unit-module\src\strategies\registry\index.ts", "TypeScript", 0, 10, 0, 0, 0, 0, 0, 0, 1, 11
"d:\Works\source\phaser-repositories\njs-game-unit-module\src\strategies\size\PercentWidthStrategy.ts", "TypeScript", 0, 7, 0, 0, 0, 0, 0, 0, 3, 10
"d:\Works\source\phaser-repositories\njs-game-unit-module\src\strategies\value-calculation\IPositionValueCalculationStrategy.ts", "TypeScript", 0, 72, 0, 0, 0, 0, 0, 86, 22, 180
"d:\Works\source\phaser-repositories\njs-game-unit-module\src\strategies\value-calculation\IScaleValueCalculationStrategy.ts", "TypeScript", 0, 58, 0, 0, 0, 0, 0, 83, 21, 162
"d:\Works\source\phaser-repositories\njs-game-unit-module\src\strategies\value-calculation\index.ts", "TypeScript", 0, 1, 0, 0, 0, 0, 0, 0, 1, 2
"d:\Works\source\phaser-repositories\njs-game-unit-module\src\strategies\value\PositionValueCalculationStrategies.ts", "TypeScript", 0, 245, 0, 0, 0, 0, 0, 27, 43, 315
"d:\Works\source\phaser-repositories\njs-game-unit-module\src\strategies\value\SizeValueCalculationStrategies.ts", "TypeScript", 0, 226, 0, 0, 0, 0, 0, 28, 42, 296
"d:\Works\source\phaser-repositories\njs-game-unit-module\src\templates\IUnitCalculationTemplate.ts", "TypeScript", 0, 122, 0, 0, 0, 0, 0, 61, 28, 211
"d:\Works\source\phaser-repositories\njs-game-unit-module\src\templates\PositionCalculationTemplate.ts", "TypeScript", 0, 191, 0, 0, 0, 0, 0, 94, 35, 320
"d:\Works\source\phaser-repositories\njs-game-unit-module\src\templates\ScaleCalculationTemplate.ts", "TypeScript", 0, 186, 0, 0, 0, 0, 0, 94, 35, 315
"d:\Works\source\phaser-repositories\njs-game-unit-module\src\templates\SizeCalculationTemplate.ts", "TypeScript", 0, 191, 0, 0, 0, 0, 0, 94, 35, 320
"d:\Works\source\phaser-repositories\njs-game-unit-module\src\templates\index.ts", "TypeScript", 0, 1, 0, 0, 0, 0, 0, 0, 1, 2
"d:\Works\source\phaser-repositories\njs-game-unit-module\src\test\CalculatePositionCommand.test.ts", "TypeScript", 0, 302, 0, 0, 0, 0, 0, 7, 55, 364
"d:\Works\source\phaser-repositories\njs-game-unit-module\src\test\CalculateSizeCommand.test.ts", "TypeScript", 0, 303, 0, 0, 0, 0, 0, 7, 53, 363
"d:\Works\source\phaser-repositories\njs-game-unit-module\src\test\CalculatorRefactoringComparison.test.ts", "TypeScript", 0, 263, 0, 0, 0, 0, 0, 26, 58, 347
"d:\Works\source\phaser-repositories\njs-game-unit-module\src\test\CompleteCalculatorRefactoring.test.ts", "TypeScript", 0, 382, 0, 0, 0, 0, 0, 9, 63, 454
"d:\Works\source\phaser-repositories\njs-game-unit-module\src\test\CompleteStrategyPatternImplementation.test.ts", "TypeScript", 0, 318, 0, 0, 0, 0, 0, 12, 63, 393
"d:\Works\source\phaser-repositories\njs-game-unit-module\src\test\LegacyPositionUnitAdapter.test.ts", "TypeScript", 0, 239, 0, 0, 0, 0, 0, 9, 53, 301
"d:\Works\source\phaser-repositories\njs-game-unit-module\src\test\LegacySizeUnitAdapter.test.ts", "TypeScript", 0, 239, 0, 0, 0, 0, 0, 9, 53, 301
"d:\Works\source\phaser-repositories\njs-game-unit-module\src\test\LoggingObserver.test.ts", "TypeScript", 0, 345, 0, 0, 0, 0, 0, 11, 57, 413
"d:\Works\source\phaser-repositories\njs-game-unit-module\src\test\MixedUnitStrategy.test.ts", "TypeScript", 0, 145, 0, 0, 0, 0, 0, 3, 24, 172
"d:\Works\source\phaser-repositories\njs-game-unit-module\src\test\PerformanceComparisonSystem.test.ts", "TypeScript", 0, 392, 0, 0, 0, 0, 0, 7, 34, 433
"d:\Works\source\phaser-repositories\njs-game-unit-module\src\test\PerformanceObserver.test.ts", "TypeScript", 0, 358, 0, 0, 0, 0, 0, 11, 61, 430
"d:\Works\source\phaser-repositories\njs-game-unit-module\src\test\PositionCalculationTemplate.test.ts", "TypeScript", 0, 315, 0, 0, 0, 0, 0, 8, 57, 380
"d:\Works\source\phaser-repositories\njs-game-unit-module\src\test\PositionUnitCalculator.test.ts", "TypeScript", 0, 362, 0, 0, 0, 0, 0, 3, 48, 413
"d:\Works\source\phaser-repositories\njs-game-unit-module\src\test\ProductionMonitoringSystem.test.ts", "TypeScript", 0, 392, 0, 0, 0, 0, 0, 8, 83, 483
"d:\Works\source\phaser-repositories\njs-game-unit-module\src\test\RangeValidator.test.ts", "TypeScript", 0, 354, 0, 0, 0, 0, 0, 4, 61, 419
"d:\Works\source\phaser-repositories\njs-game-unit-module\src\test\RefactoredSizeUnitCalculator.test.ts", "TypeScript", 0, 508, 0, 0, 0, 0, 0, 7, 58, 573
"d:\Works\source\phaser-repositories\njs-game-unit-module\src\test\RefactoredUnitSystemManager.test.ts", "TypeScript", 0, 126, 0, 0, 0, 0, 0, 12, 38, 176
"d:\Works\source\phaser-repositories\njs-game-unit-module\src\test\ScaleCalculationTemplate.test.ts", "TypeScript", 0, 314, 0, 0, 0, 0, 0, 8, 57, 379
"d:\Works\source\phaser-repositories\njs-game-unit-module\src\test\ScaleUnitCalculator.test.ts", "TypeScript", 0, 352, 0, 0, 0, 0, 0, 3, 53, 408
"d:\Works\source\phaser-repositories\njs-game-unit-module\src\test\SizeCalculationTemplate.test.ts", "TypeScript", 0, 315, 0, 0, 0, 0, 0, 8, 57, 380
"d:\Works\source\phaser-repositories\njs-game-unit-module\src\test\SizeUnitCalculator.test.ts", "TypeScript", 0, 382, 0, 0, 0, 0, 0, 3, 48, 433
"d:\Works\source\phaser-repositories\njs-game-unit-module\src\test\SizeUnitStrategy.test.ts", "TypeScript", 0, 264, 0, 0, 0, 0, 0, 4, 58, 326
"d:\Works\source\phaser-repositories\njs-game-unit-module\src\test\StrategyPatternImplementation.test.ts", "TypeScript", 0, 324, 0, 0, 0, 0, 0, 8, 67, 399
"d:\Works\source\phaser-repositories\njs-game-unit-module\src\test\TypeValidator.test.ts", "TypeScript", 0, 294, 0, 0, 0, 0, 0, 7, 54, 355
"d:\Works\source\phaser-repositories\njs-game-unit-module\src\test\UnitCalculationMemento.test.ts", "TypeScript", 0, 446, 0, 0, 0, 0, 0, 5, 50, 501
"d:\Works\source\phaser-repositories\njs-game-unit-module\src\types\Result.ts", "TypeScript", 0, 1, 0, 0, 0, 0, 0, 0, 0, 1
"d:\Works\source\phaser-repositories\njs-game-unit-module\tsconfig.json", "JSON with Comments", 17, 0, 0, 0, 0, 0, 0, 0, 0, 17
"Total", "-", 58, 44295, 5, 18592, 241, 6392, 323, 9235, 10472, 89613